file,best_clusters,scores,all_clusters,max_score
1,[2 2 0 3 4 0 4 2 0 0 0 4 3 1 1],"[0.19387564291583545, 0.2974190119730896, 0.3839581509902873, 0.5052882802149237, 0.47033013352846714, 0.18660752343000678, 0.17800803087494152, 0.0848243151578621, 0.018351870605626555, 0.002409932515869865, -0.014942129701615547, -0.05884353149825798, -0.016719533846495358]","[array([0, 0, 1, 0, 0, 1, 0, 0, 1, 1, 1, 0, 0, 0, 0], dtype=int32), array([2, 2, 0, 1, 1, 0, 2, 2, 0, 0, 0, 1, 1, 1, 1], dtype=int32), array([2, 2, 1, 3, 0, 1, 2, 2, 1, 1, 1, 0, 3, 0, 0], dtype=int32), array([2, 2, 0, 3, 4, 0, 4, 2, 0, 0, 0, 4, 3, 1, 1], dtype=int32), array([4, 4, 1, 0, 3, 1, 5, 4, 5, 1, 1, 3, 0, 2, 2], dtype=int32), array([1, 1, 0, 3, 2, 0, 6, 1, 4, 4, 0, 2, 3, 5, 5], dtype=int32), array([1, 1, 0, 3, 4, 0, 7, 1, 7, 6, 0, 5, 3, 2, 2], dtype=int32), array([2, 2, 1, 3, 4, 1, 5, 2, 7, 8, 1, 6, 3, 0, 0], dtype=int32), array([8, 8, 1, 0, 5, 1, 2, 4, 6, 7, 1, 9, 0, 3, 3], dtype=int32), array([ 5,  5,  1,  3,  8, 10,  9,  2,  4,  6, 10,  7,  3,  0,  0],
      dtype=int32), array([ 1,  1,  0, 10,  6,  8, 11,  9,  5,  7,  8,  4,  3,  2,  2],
      dtype=int32), array([ 0,  0,  2, 10,  8,  6, 11,  9,  4,  7,  6,  5,  1, 12,  3],
      dtype=int32), array([13,  1,  0,  2,  6,  7, 10,  8,  9,  4,  7,  5, 12,  3, 11],
      dtype=int32)]",0.5052882802149237
2,[3 3 1 0 2 1 0 3 1 1 0 0 2 2],"[0.33575173128403135, 0.3669271996259714, 0.4362129861841145, 0.3176283808333514, 0.2903819458305891, 0.17288209820907383, -0.1361475320192807, -0.09781829054534208, -0.12240925452386557, -0.02915788447541126, -0.04471940206034423, -0.026572570637751893]","[array([1, 1, 0, 0, 0, 0, 0, 1, 0, 0, 0, 0, 0, 0], dtype=int32), array([1, 1, 2, 0, 1, 2, 0, 1, 2, 2, 0, 0, 2, 2], dtype=int32), array([3, 3, 1, 0, 2, 1, 0, 3, 1, 1, 0, 0, 2, 2], dtype=int32), array([1, 1, 2, 3, 4, 0, 3, 1, 0, 0, 3, 3, 2, 2], dtype=int32), array([2, 2, 0, 3, 5, 1, 4, 2, 1, 1, 3, 3, 0, 0], dtype=int32), array([1, 1, 2, 0, 6, 5, 4, 1, 2, 5, 0, 0, 3, 3], dtype=int32), array([3, 3, 4, 1, 7, 5, 2, 6, 0, 5, 1, 1, 4, 4], dtype=int32), array([2, 2, 6, 1, 3, 0, 5, 7, 8, 0, 1, 1, 4, 4], dtype=int32), array([2, 2, 1, 3, 6, 4, 0, 7, 8, 4, 3, 9, 5, 5], dtype=int32), array([ 2,  2,  9,  3,  5,  1,  4,  6,  8,  1,  3,  7,  0, 10],
      dtype=int32), array([ 1,  1,  8, 11,  4,  0,  5,  7,  9,  0,  2,  6,  3, 10],
      dtype=int32), array([ 0,  0,  9,  4,  5,  1,  8,  3,  7, 11, 12,  6,  2, 10],
      dtype=int32)]",0.4362129861841145
3,[1 1 5 2 0 3 4 1 4 3 3 2 2 5 5],"[0.22781465893931005, 0.2755998986796894, 0.28616660845233555, 0.2714937731958516, 0.346022263242118, 0.24335158642815355, 0.3234901126434498, 0.22850218376059525, 0.1767620800010163, 0.12867613206194597, 0.05041675199576967, 0.03297599401770291, -0.0069341837973472785]","[array([1, 1, 0, 1, 0, 0, 0, 1, 0, 0, 0, 1, 1, 0, 0], dtype=int32), array([1, 1, 0, 1, 0, 2, 2, 1, 2, 0, 0, 1, 1, 0, 0], dtype=int32), array([1, 1, 0, 2, 1, 3, 3, 2, 3, 0, 0, 2, 2, 0, 0], dtype=int32), array([3, 3, 0, 2, 3, 1, 1, 2, 1, 4, 4, 2, 2, 0, 0], dtype=int32), array([1, 1, 5, 2, 0, 3, 4, 1, 4, 3, 3, 2, 2, 5, 5], dtype=int32), array([2, 4, 6, 1, 2, 0, 5, 1, 5, 0, 0, 3, 1, 6, 6], dtype=int32), array([4, 1, 2, 5, 6, 3, 0, 1, 0, 3, 3, 5, 5, 7, 2], dtype=int32), array([6, 0, 4, 8, 7, 2, 2, 0, 2, 1, 1, 5, 8, 3, 4], dtype=int32), array([6, 4, 1, 0, 7, 8, 3, 0, 3, 2, 2, 5, 0, 9, 1], dtype=int32), array([ 3,  7,  2,  1,  5,  0,  4,  1,  4,  6,  6,  9,  1, 10,  8],
      dtype=int32), array([ 7,  3,  9,  1,  4,  8,  2, 11,  2,  5,  5, 10,  1,  6,  0],
      dtype=int32), array([ 7,  4,  8,  1,  5, 11,  3, 12,  3, 10,  2,  9,  1,  0,  6],
      dtype=int32), array([ 4, 11,  3,  7,  5,  8, 13,  1,  2, 12,  0,  6,  7,  9, 10],
      dtype=int32)]",0.346022263242118
4,[0 2 2 1 1 0 1 1 2 1 1 1 0 1 1 1],"[0.29166384387680233, 0.35032450347340693, 0.2978715421711338, 0.20638585894061134, 0.20782824881035278, 0.01703248519104268, 0.034107542498189786, 0.07373502678468916, 0.034719457257537695, 0.05881006830937131, 0.030569409477830434, 0.027207188481634892, 0.044102561115032315, 0.043103034153013545]","[array([0, 0, 1, 1, 1, 0, 1, 1, 0, 1, 1, 1, 0, 1, 1, 1], dtype=int32), array([0, 2, 2, 1, 1, 0, 1, 1, 2, 1, 1, 1, 0, 1, 1, 1], dtype=int32), array([2, 3, 2, 0, 0, 1, 0, 0, 3, 2, 0, 0, 1, 0, 2, 0], dtype=int32), array([4, 3, 0, 2, 2, 1, 2, 2, 3, 0, 2, 2, 1, 2, 0, 2], dtype=int32), array([4, 3, 0, 2, 2, 1, 5, 5, 3, 4, 5, 5, 1, 5, 0, 2], dtype=int32), array([3, 0, 5, 1, 2, 6, 1, 1, 0, 5, 1, 1, 6, 4, 1, 2], dtype=int32), array([4, 2, 3, 5, 6, 0, 1, 1, 2, 5, 1, 1, 0, 7, 3, 6], dtype=int32), array([5, 2, 6, 1, 1, 3, 7, 7, 2, 1, 7, 1, 4, 0, 8, 1], dtype=int32), array([8, 2, 9, 5, 7, 4, 1, 1, 2, 3, 1, 1, 6, 0, 5, 7], dtype=int32), array([ 7,  0,  5, 10,  6,  2,  1,  1,  0,  3,  1,  1,  4,  9,  8,  6],
      dtype=int32), array([ 9,  5,  7, 11,  0,  1,  3,  3,  5,  2,  3,  3,  4,  6,  8, 10],
      dtype=int32), array([ 9,  2,  1,  8, 11,  4,  3,  3, 12,  5,  3,  3,  6,  7, 10,  0],
      dtype=int32), array([ 8, 13, 10, 11,  0,  4,  3, 12,  1,  2,  3,  3,  5,  7,  6,  9],
      dtype=int32), array([ 4,  2,  6,  8,  7,  0, 12, 14, 13, 10, 12,  1,  5,  3,  9, 11],
      dtype=int32)]",0.35032450347340693
5,[2 0 3 1 1 4 3 4 4 0 1 2 2 2 3 0],"[0.3086457469753182, 0.3870443708755874, 0.47828065303883527, 0.5231021139154972, 0.49784811632719905, 0.38359752100222777, 0.2519090158435932, 0.1359907755177619, 0.11266095519998168, 0.17173732321658286, 0.1542784190273183, 0.13005067922449154, 0.13308441662544818, 0.07134700981770813]","[array([0, 1, 1, 1, 1, 1, 1, 1, 0, 1, 1, 0, 0, 0, 0, 1], dtype=int32), array([1, 2, 2, 0, 2, 0, 2, 0, 0, 2, 0, 1, 1, 1, 1, 2], dtype=int32), array([1, 2, 2, 3, 3, 0, 3, 0, 0, 2, 3, 1, 1, 1, 1, 2], dtype=int32), array([2, 0, 3, 1, 1, 4, 3, 4, 4, 0, 1, 2, 2, 2, 3, 0], dtype=int32), array([0, 3, 4, 5, 1, 2, 4, 2, 2, 1, 5, 0, 0, 0, 4, 3], dtype=int32), array([6, 0, 5, 1, 4, 3, 4, 3, 3, 4, 1, 2, 6, 2, 5, 0], dtype=int32), array([1, 3, 5, 0, 2, 4, 2, 4, 4, 6, 0, 7, 1, 7, 5, 3], dtype=int32), array([1, 3, 7, 4, 6, 2, 6, 2, 2, 0, 4, 8, 1, 8, 5, 3], dtype=int32), array([1, 0, 4, 2, 7, 5, 7, 5, 3, 6, 2, 8, 1, 8, 9, 0], dtype=int32), array([ 7,  4,  3,  5,  6,  2,  1,  2,  8, 10,  5,  0,  7,  0,  9,  4],
      dtype=int32), array([ 1,  5,  4,  6,  9,  2,  0,  2,  7,  3, 10, 11,  1, 11,  8,  5],
      dtype=int32), array([12,  0,  4, 10,  6,  3,  5,  3,  9,  7,  1, 11,  2, 11,  8,  0],
      dtype=int32), array([ 7,  2,  9,  0, 10,  5,  4,  5,  3,  6, 11, 13, 12,  1,  8,  2],
      dtype=int32), array([13, 14,  6,  5,  1,  2,  7,  2,  8,  9, 11, 12,  4,  0, 10,  3],
      dtype=int32)]",0.5231021139154972
6,[1 0 0 1 3 2 3 2 2 3 2 1 1 1 1 0],"[0.32376588708796905, 0.4709305167137779, 0.5848817873715301, 0.4986733717309201, 0.21587552806883054, 0.23443374567892103, 0.14543949124716282, 0.037847327102545195, -0.07338459666434481, 0.035315945949314156, 0.029892765760219694, -0.06412764336142399, -0.0747202645769978, -0.060150728297782785]","[array([1, 0, 0, 1, 0, 0, 0, 0, 0, 0, 0, 1, 1, 1, 1, 0], dtype=int32), array([2, 0, 0, 2, 1, 0, 1, 0, 0, 1, 0, 2, 2, 2, 2, 0], dtype=int32), array([1, 0, 0, 1, 3, 2, 3, 2, 2, 3, 2, 1, 1, 1, 1, 0], dtype=int32), array([0, 1, 1, 0, 2, 4, 2, 4, 4, 2, 4, 3, 3, 3, 3, 1], dtype=int32), array([5, 4, 4, 5, 0, 2, 0, 2, 3, 0, 3, 1, 1, 1, 1, 4], dtype=int32), array([1, 2, 2, 1, 0, 5, 0, 5, 4, 0, 4, 3, 3, 6, 3, 2], dtype=int32), array([7, 2, 2, 1, 3, 4, 3, 4, 5, 3, 5, 6, 6, 0, 6, 2], dtype=int32), array([4, 0, 0, 8, 2, 5, 6, 5, 3, 2, 3, 1, 1, 7, 1, 0], dtype=int32), array([9, 0, 0, 6, 3, 7, 8, 4, 2, 3, 2, 1, 1, 5, 1, 0], dtype=int32), array([ 6,  1,  1,  0,  2,  9,  7,  4, 10,  2,  5,  3,  3,  8,  3,  1],
      dtype=int32), array([ 6, 11,  0,  8,  3,  5,  7, 10,  9,  3,  4,  2,  2,  1,  2, 11],
      dtype=int32), array([ 6,  1, 12,  4,  0,  3, 10,  8, 11,  0,  5,  7,  7,  9,  2,  1],
      dtype=int32), array([ 4, 13, 12,  6,  2,  5,  8,  7,  0,  2, 10,  9,  9, 11,  1,  3],
      dtype=int32), array([ 7, 13, 11,  8,  0,  4,  6, 10,  9, 14,  2,  1,  1,  5, 12,  3],
      dtype=int32)]",0.5848817873715301
7,[2 0 0 2 2 2 2 2 2 0 0 1 1 1 1 0],"[0.24587474882422927, 0.3413643941210971, 0.22227777511986258, -0.06590990198233845, -0.21122844964611326, -0.08790574866982351, -0.2821935515892321, -0.005758018206651281, -0.12288507415134511, -0.08012078422103272, -0.07619505409181432, -0.09496576063123832, -0.08653229440883976, -0.051629134807169574]","[array([0, 1, 1, 0, 0, 0, 0, 0, 0, 1, 1, 1, 0, 1, 1, 1], dtype=int32), array([2, 0, 0, 2, 2, 2, 2, 2, 2, 0, 0, 1, 1, 1, 1, 0], dtype=int32), array([3, 0, 0, 3, 0, 3, 3, 3, 3, 0, 0, 1, 1, 2, 1, 2], dtype=int32), array([3, 2, 2, 0, 0, 3, 0, 0, 0, 2, 2, 4, 4, 1, 4, 1], dtype=int32), array([0, 1, 1, 4, 3, 0, 3, 3, 3, 1, 1, 2, 2, 5, 2, 5], dtype=int32), array([4, 1, 3, 0, 5, 4, 5, 4, 5, 1, 1, 6, 2, 6, 2, 3], dtype=int32), array([6, 5, 0, 4, 3, 6, 3, 7, 3, 0, 5, 2, 1, 2, 1, 0], dtype=int32), array([4, 0, 3, 8, 5, 4, 5, 2, 2, 0, 0, 1, 1, 7, 1, 6], dtype=int32), array([3, 6, 1, 0, 7, 3, 7, 2, 9, 6, 6, 4, 5, 4, 5, 8], dtype=int32), array([ 5,  3,  7,  6,  1,  5,  1,  9,  0,  4,  3,  2, 10,  2, 10,  8],
      dtype=int32), array([ 6,  8, 11,  5,  9,  6,  7,  2, 10,  0,  8,  4,  1,  4,  1,  3],
      dtype=int32), array([ 1,  0, 12,  5, 11,  1,  4,  6,  8,  3,  0,  2,  7, 10,  7,  9],
      dtype=int32), array([12,  4,  7,  3,  8,  5, 11, 10,  1,  0,  4,  2,  9, 13,  9,  6],
      dtype=int32), array([14,  8, 11,  7, 13,  5,  4,  3, 10,  9,  1, 12,  0,  6,  0,  2],
      dtype=int32)]",0.3413643941210971
8,[1 3 3 1 2 1 2 1 1 2 2 0 1 0 0 3],"[0.29586521714015424, 0.45968841656903575, 0.6346918088205018, 0.6047419943890142, 0.2093083938403104, 0.2532998319658033, 0.25104534810160384, 0.2827630880958335, 0.16715204803784134, 0.03392490796812503, 0.07182756291114985, -0.09270742975993589, -0.06569081890502029, -0.03135253383415533]","[array([0, 1, 1, 0, 1, 0, 1, 0, 0, 1, 1, 1, 0, 1, 1, 1], dtype=int32), array([1, 0, 0, 1, 0, 1, 0, 1, 1, 0, 0, 2, 1, 2, 2, 0], dtype=int32), array([1, 3, 3, 1, 2, 1, 2, 1, 1, 2, 2, 0, 1, 0, 0, 3], dtype=int32), array([0, 2, 2, 1, 4, 0, 4, 0, 0, 4, 1, 3, 0, 3, 3, 2], dtype=int32), array([2, 3, 3, 5, 1, 4, 1, 4, 4, 1, 1, 0, 4, 0, 0, 3], dtype=int32), array([5, 3, 3, 6, 2, 1, 2, 1, 1, 2, 4, 0, 1, 0, 0, 3], dtype=int32), array([5, 3, 3, 0, 6, 7, 2, 4, 4, 6, 2, 1, 4, 1, 1, 3], dtype=int32), array([0, 1, 1, 5, 7, 6, 2, 4, 8, 7, 2, 3, 4, 3, 3, 1], dtype=int32), array([4, 3, 3, 5, 6, 7, 0, 2, 9, 6, 8, 1, 2, 1, 1, 3], dtype=int32), array([ 4,  2, 10,  6,  7,  5,  0,  8,  1,  7,  9,  3,  8,  3,  3, 10],
      dtype=int32), array([ 4,  0,  9,  6,  8,  7,  3, 11,  1,  8, 10,  2,  5,  2,  2,  9],
      dtype=int32), array([ 6, 12,  3,  4,  0,  7,  9,  1,  8,  0,  5, 11, 10,  2,  2,  3],
      dtype=int32), array([ 0,  6, 13,  5,  1,  9, 10, 11,  4,  1,  7, 12,  8,  3,  3,  2],
      dtype=int32), array([ 1, 11,  3,  8, 14,  9, 12, 10,  6,  0,  5,  2,  4,  7,  7, 13],
      dtype=int32)]",0.6346918088205018
9,[1 0 1 1 2 1 2 1 1 2 3 0 3 3 0],"[0.22884765664685752, 0.43263381035623044, 0.5670329451455715, 0.11906820382337065, 0.0732442834387372, 0.12782233521781058, 0.12903563151891664, 0.021019898627797285, -0.03165126428092714, -0.09940991043632712, 0.020571796961744097, -0.06699601090642582, -0.0669782551296226]","[array([1, 0, 1, 1, 0, 1, 0, 1, 0, 0, 0, 0, 0, 1, 0], dtype=int32), array([0, 2, 0, 0, 1, 0, 1, 0, 0, 1, 2, 2, 2, 0, 2], dtype=int32), array([1, 0, 1, 1, 2, 1, 2, 1, 1, 2, 3, 0, 3, 3, 0], dtype=int32), array([2, 4, 1, 2, 3, 2, 3, 1, 2, 3, 0, 4, 0, 0, 4], dtype=int32), array([1, 2, 4, 1, 0, 1, 0, 3, 1, 0, 5, 2, 5, 5, 2], dtype=int32), array([5, 4, 6, 5, 3, 5, 3, 0, 1, 3, 2, 4, 2, 2, 4], dtype=int32), array([0, 7, 2, 0, 1, 0, 1, 6, 5, 1, 4, 3, 4, 4, 7], dtype=int32), array([2, 3, 4, 2, 1, 2, 1, 6, 5, 1, 0, 8, 0, 7, 3], dtype=int32), array([7, 8, 5, 2, 3, 2, 3, 6, 9, 3, 4, 1, 4, 0, 8], dtype=int32), array([ 7, 10,  6,  1,  3,  1,  3,  5,  8,  3,  2,  4,  2,  9,  0],
      dtype=int32), array([ 0,  5,  6,  7,  2,  3,  2,  9,  8,  2,  4,  1,  4, 11, 10],
      dtype=int32), array([ 7, 11,  0, 12,  6,  4,  2,  9,  5,  6,  1,  8,  1, 10,  3],
      dtype=int32), array([ 6, 10,  7, 11,  2,  4, 12,  0,  5,  2, 13,  8,  1,  9,  3],
      dtype=int32)]",0.5670329451455715
10,[1 0 2 1 0 1 0 1 1 0 0 1 2 1 2 2],"[0.2983907411035536, 0.35980419426395704, 0.34496450862046296, 0.24415120076002203, 0.30031719474930063, 0.3065504094809315, 0.09510879521856677, 0.0035556166080109863, -0.04490014018602509, -0.039916682400559816, 0.03527199470238987, 0.053523455142728986, 0.01077884617578838, 0.04232052806245622]","[array([1, 0, 0, 1, 0, 1, 0, 1, 1, 0, 0, 1, 0, 1, 0, 0], dtype=int32), array([1, 0, 2, 1, 0, 1, 0, 1, 1, 0, 0, 1, 2, 1, 2, 2], dtype=int32), array([2, 0, 1, 2, 3, 2, 3, 0, 2, 3, 3, 2, 1, 2, 1, 1], dtype=int32), array([0, 1, 3, 2, 4, 2, 4, 2, 0, 4, 1, 2, 3, 2, 3, 3], dtype=int32), array([0, 2, 2, 3, 1, 4, 1, 4, 0, 1, 1, 4, 5, 4, 5, 5], dtype=int32), array([3, 2, 5, 6, 4, 1, 4, 1, 3, 4, 2, 1, 0, 1, 0, 0], dtype=int32), array([1, 3, 6, 5, 0, 2, 0, 7, 1, 0, 3, 2, 1, 2, 4, 4], dtype=int32), array([5, 4, 8, 6, 2, 1, 2, 3, 5, 2, 4, 1, 0, 1, 7, 7], dtype=int32), array([6, 3, 8, 5, 1, 2, 1, 7, 6, 1, 3, 2, 0, 2, 4, 9], dtype=int32), array([ 0,  1, 10,  7,  2,  4,  2,  8,  9,  2,  1,  4,  6,  4,  5,  3],
      dtype=int32), array([ 6,  2,  5,  4,  1, 11,  1,  9, 10,  1,  2,  0,  8,  0,  7,  3],
      dtype=int32), array([11,  4,  2,  5,  1,  0,  1,  7,  6,  1, 12, 10,  8, 10,  9,  3],
      dtype=int32), array([ 5,  3,  8,  9, 13, 12,  0,  4, 10,  0, 11,  1,  7,  1,  6,  2],
      dtype=int32), array([11,  3,  5, 12,  1,  2, 14,  7,  0, 10, 13,  6,  9,  6,  4,  8],
      dtype=int32)]",0.35980419426395704
11,[0 4 4 0 1 0 1 0 2 1 1 2 3 0 4 3],"[0.3251364464713986, 0.4655628635405779, 0.5771015944725606, 0.6058236511576587, 0.4538966154148635, 0.11905238974332905, 0.06810334910979629, -0.08077079614396546, -0.10057307057192111, -0.0010492349873572927, 0.07396726701597474, 0.0991145063356225, 0.06862448099968559, 0.09949464873135644]","[array([0, 1, 1, 0, 1, 0, 1, 0, 0, 1, 1, 0, 1, 0, 1, 1], dtype=int32), array([1, 0, 0, 1, 0, 1, 0, 1, 1, 0, 0, 1, 2, 1, 0, 2], dtype=int32), array([0, 3, 3, 0, 1, 0, 1, 0, 0, 1, 1, 0, 2, 0, 3, 2], dtype=int32), array([0, 4, 4, 0, 1, 0, 1, 0, 2, 1, 1, 2, 3, 0, 4, 3], dtype=int32), array([0, 4, 4, 0, 2, 0, 2, 5, 3, 2, 2, 3, 1, 0, 4, 1], dtype=int32), array([3, 2, 2, 3, 6, 3, 0, 4, 1, 0, 0, 1, 5, 3, 2, 5], dtype=int32), array([2, 4, 7, 2, 5, 2, 1, 6, 0, 1, 1, 0, 3, 2, 4, 3], dtype=int32), array([7, 4, 6, 0, 8, 0, 1, 5, 3, 1, 1, 3, 2, 0, 4, 2], dtype=int32), array([8, 3, 9, 5, 6, 5, 1, 7, 0, 1, 1, 0, 4, 2, 3, 4], dtype=int32), array([10,  3,  7,  5,  9,  5,  1,  8,  0,  1,  4,  0,  6,  2,  3,  6],
      dtype=int32), array([ 0,  3, 10,  4,  8, 11,  1,  6,  5,  1,  9,  5,  2,  7,  3,  2],
      dtype=int32), array([10,  0,  9, 11,  2,  6, 12,  8,  3,  7,  4,  3,  5,  1,  0,  5],
      dtype=int32), array([10,  3,  6,  4,  9, 11,  7,  8, 13, 12,  2,  5,  0,  1,  3,  0],
      dtype=int32), array([ 7, 14, 11, 10,  8,  6, 13,  9,  3,  5,  2, 12,  4,  1,  0,  4],
      dtype=int32)]",0.6058236511576587
12,[0 1 1 0 4 0 3 3 3 4 4 2 2 0 1 2],"[0.34339846863494017, 0.5090423217914529, 0.6233337371905521, 0.6476976638721135, 0.2913548932496518, 0.19628954386253805, 0.22753027760519434, 0.1684479009218226, 0.10626501602208399, 0.1013185125060585, 0.13520516650001743, 0.08233361827998642, 0.08171800216578401, 0.026055314812632582]","[array([1, 0, 0, 1, 0, 1, 1, 1, 1, 0, 0, 0, 0, 1, 0, 0], dtype=int32), array([0, 1, 1, 0, 1, 0, 0, 0, 0, 1, 1, 2, 2, 0, 1, 2], dtype=int32), array([2, 3, 3, 2, 1, 2, 2, 2, 2, 1, 1, 0, 0, 2, 3, 0], dtype=int32), array([0, 1, 1, 0, 4, 0, 3, 3, 3, 4, 4, 2, 2, 0, 1, 2], dtype=int32), array([0, 3, 3, 0, 2, 5, 4, 4, 0, 2, 2, 1, 1, 0, 3, 1], dtype=int32), array([3, 4, 4, 1, 2, 5, 6, 6, 1, 2, 2, 0, 0, 3, 4, 0], dtype=int32), array([1, 0, 0, 1, 2, 7, 4, 5, 6, 2, 2, 3, 3, 1, 0, 3], dtype=int32), array([5, 6, 0, 5, 3, 1, 7, 7, 4, 3, 3, 2, 8, 5, 6, 8], dtype=int32), array([3, 4, 8, 3, 0, 9, 5, 6, 1, 0, 0, 2, 7, 3, 4, 7], dtype=int32), array([ 0,  3,  7,  0,  2,  9,  4,  5,  6, 10,  2,  8,  1,  0,  3,  1],
      dtype=int32), array([ 1,  6,  2,  1,  3,  9,  7,  4,  5, 10,  3,  8,  0, 11,  6,  0],
      dtype=int32), array([ 9,  3, 10,  9,  1,  6,  7,  5,  0, 11,  1,  8,  2,  4, 12,  2],
      dtype=int32), array([13, 12,  7,  4,  3,  5,  9,  1, 10,  8,  3,  6,  2, 11,  0,  2],
      dtype=int32), array([ 2, 11,  1, 13, 14,  0,  8,  5,  7, 10,  4,  9,  3, 12,  6,  3],
      dtype=int32)]",0.6476976638721135
13,[4 0 0 4 2 4 1 1 4 2 2 3 3 4 0 3],"[0.3298114789254417, 0.40298465977386233, 0.5020612102430999, 0.584102678324222, 0.18603641668141724, 0.05010274330958778, -0.0052300406079602985, -0.0236647958714371, 0.060247595765646936, -0.04441276099006329, -0.03467578033158222, 0.027205791833214914, -0.030848109164045442, 0.009048345954142379]","[array([0, 1, 1, 0, 1, 0, 1, 0, 0, 1, 1, 0, 0, 0, 1, 0], dtype=int32), array([1, 2, 2, 1, 0, 1, 2, 1, 1, 0, 0, 1, 1, 1, 2, 1], dtype=int32), array([0, 1, 1, 0, 2, 0, 1, 0, 0, 2, 2, 3, 3, 0, 1, 3], dtype=int32), array([4, 0, 0, 4, 2, 4, 1, 1, 4, 2, 2, 3, 3, 4, 0, 3], dtype=int32), array([1, 2, 2, 1, 0, 3, 5, 3, 1, 0, 0, 4, 4, 3, 2, 4], dtype=int32), array([0, 1, 1, 6, 2, 4, 5, 4, 0, 2, 2, 3, 3, 0, 1, 3], dtype=int32), array([4, 1, 1, 7, 2, 0, 6, 0, 4, 2, 2, 5, 3, 4, 1, 3], dtype=int32), array([8, 1, 1, 5, 2, 4, 6, 4, 0, 2, 2, 7, 3, 0, 1, 3], dtype=int32), array([4, 3, 3, 7, 9, 8, 2, 8, 5, 9, 0, 1, 6, 5, 3, 6], dtype=int32), array([ 7,  1,  1,  5,  2,  9,  3,  8,  0,  2, 10,  6,  4,  0,  1,  4],
      dtype=int32), array([ 8,  1,  1,  7,  2,  4,  5, 11,  0,  2,  6, 10,  9,  0,  1,  3],
      dtype=int32), array([11,  0,  0,  6,  3,  7,  5, 10,  1,  3,  9,  8,  2,  4,  0, 12],
      dtype=int32), array([ 9,  2, 13,  8,  0,  3,  5,  7,  4,  0, 12,  1, 10, 11,  2,  6],
      dtype=int32), array([11,  3, 14,  7,  1,  2,  4,  9,  6,  1, 10,  0,  5, 12, 13,  8],
      dtype=int32)]",0.584102678324222
14,[0 3 3 0 1 0 1 1 0 1 1 0 2 0 3 0],"[0.43577700073576453, 0.577980804998815, 0.5903072371530159, 0.19869824567502062, 0.08201275980308999, 0.16403680674877413, 0.11477911431381352, 0.0640342172290992, 0.07093855832723496, 0.017147245695110946, -0.05562583117533121, -0.037572455934482725, -0.005035035457652496, 0.04021015002502967]","[array([0, 1, 1, 0, 1, 0, 1, 0, 0, 1, 1, 0, 1, 0, 1, 0], dtype=int32), array([1, 0, 0, 1, 2, 1, 2, 2, 1, 2, 2, 1, 0, 1, 0, 1], dtype=int32), array([0, 3, 3, 0, 1, 0, 1, 1, 0, 1, 1, 0, 2, 0, 3, 0], dtype=int32), array([0, 2, 2, 0, 1, 0, 1, 1, 4, 1, 1, 4, 3, 4, 2, 4], dtype=int32), array([3, 2, 2, 3, 0, 3, 0, 5, 1, 0, 0, 1, 4, 1, 2, 1], dtype=int32), array([0, 1, 1, 0, 2, 0, 6, 5, 4, 2, 2, 4, 3, 4, 1, 4], dtype=int32), array([6, 3, 3, 6, 2, 6, 5, 4, 1, 2, 2, 1, 0, 7, 3, 1], dtype=int32), array([5, 3, 3, 5, 2, 5, 4, 6, 1, 7, 7, 1, 0, 8, 3, 1], dtype=int32), array([3, 1, 1, 3, 8, 3, 9, 5, 0, 7, 2, 0, 4, 6, 1, 0], dtype=int32), array([ 5,  2,  2,  5,  1,  5,  7,  6,  9, 10,  3,  9,  4,  8,  2,  0],
      dtype=int32), array([ 7,  2,  2,  7,  9,  7,  0,  6,  5, 11,  3,  5,  4,  8, 10,  1],
      dtype=int32), array([11,  8,  8,  1, 10,  1,  7,  5,  6,  9,  2,  6,  3,  4,  0, 12],
      dtype=int32), array([ 0,  1,  1,  3,  9, 13,  6,  7,  5,  2, 11,  5,  4,  8, 12, 10],
      dtype=int32), array([ 7, 10, 10,  1,  4, 13,  5,  9, 14,  0, 11,  6,  3, 12,  2,  8],
      dtype=int32)]",0.5903072371530159
15,[1 3 3 2 1 2 2 2 0 1 0 0 0 0 3 0],"[0.3415337546631041, 0.36868253746743296, 0.4347654521511999, 0.3729339670189652, 0.27797543536090397, 0.18466002502768458, 0.12176229221819163, 0.07672497091861791, 0.019684570354203845, 0.09953182739393311, 0.08748663848749699, 0.07252092559692938, 0.06986951594485813, 0.04898790912018172]","[array([1, 0, 0, 0, 0, 1, 1, 1, 1, 0, 1, 1, 1, 1, 0, 1], dtype=int32), array([0, 2, 2, 2, 0, 1, 1, 1, 1, 0, 1, 1, 1, 1, 2, 1], dtype=int32), array([1, 3, 3, 2, 1, 2, 2, 2, 0, 1, 0, 0, 0, 0, 3, 0], dtype=int32), array([0, 3, 3, 2, 0, 2, 4, 2, 2, 0, 4, 1, 4, 1, 3, 1], dtype=int32), array([5, 1, 1, 4, 5, 3, 0, 3, 4, 5, 0, 2, 2, 2, 1, 2], dtype=int32), array([2, 3, 3, 6, 5, 0, 1, 0, 6, 5, 1, 4, 4, 0, 3, 0], dtype=int32), array([0, 1, 1, 2, 4, 6, 5, 6, 2, 4, 5, 3, 7, 3, 1, 3], dtype=int32), array([3, 2, 2, 0, 5, 4, 8, 4, 6, 5, 8, 1, 7, 1, 2, 1], dtype=int32), array([9, 1, 1, 8, 2, 3, 4, 3, 5, 2, 4, 0, 7, 6, 1, 0], dtype=int32), array([ 8,  2,  2,  0,  4,  9, 10,  9,  7,  4,  6,  3,  5,  1,  2,  3],
      dtype=int32), array([ 0,  3,  3,  1,  4,  6,  5,  6,  7,  4,  9,  2,  8, 11, 10,  2],
      dtype=int32), array([ 6,  9,  9,  8,  2,  0,  3,  0,  7,  2,  5,  4, 10, 11,  1, 12],
      dtype=int32), array([ 3,  2,  2, 12, 13,  0,  6,  0,  8,  4,  5,  7,  9,  1, 11, 10],
      dtype=int32), array([ 8,  2,  2, 11,  0, 14,  1,  6,  5, 10,  7,  3,  9, 12, 13,  4],
      dtype=int32)]",0.4347654521511999
16,[1 2 2 1 0 1 0 1 1 0 0 1 1 2 1],"[0.4426376202276776, 0.6171722126872737, 0.3486895878941112, 0.2710478774320384, 0.15999766956760425, 0.15651645549051083, 0.0835187890500302, 0.04556894617802841, 0.043773796715505915, 0.07675543348679832, -0.11129003331868717, -0.1281069791051226, -0.06496803812667473]","[array([0, 1, 1, 0, 1, 0, 1, 0, 0, 1, 1, 0, 0, 1, 0], dtype=int32), array([1, 2, 2, 1, 0, 1, 0, 1, 1, 0, 0, 1, 1, 2, 1], dtype=int32), array([2, 0, 0, 1, 3, 2, 3, 1, 2, 3, 3, 2, 2, 0, 2], dtype=int32), array([0, 2, 2, 4, 1, 0, 3, 4, 0, 1, 3, 0, 0, 2, 0], dtype=int32), array([5, 1, 1, 0, 3, 2, 3, 0, 2, 4, 3, 2, 2, 1, 2], dtype=int32), array([6, 0, 0, 3, 2, 1, 4, 3, 1, 5, 4, 1, 1, 0, 1], dtype=int32), array([4, 2, 2, 5, 6, 1, 3, 7, 1, 0, 3, 1, 1, 2, 1], dtype=int32), array([6, 2, 2, 7, 1, 0, 4, 3, 0, 8, 4, 5, 0, 2, 5], dtype=int32), array([5, 0, 0, 3, 8, 9, 7, 6, 9, 4, 2, 1, 9, 0, 1], dtype=int32), array([ 6,  1,  1,  5,  3,  0,  2,  8,  4,  7,  9, 10,  4,  1,  4],
      dtype=int32), array([ 6,  9,  1,  4,  7, 11,  8,  0,  3,  5,  2, 10,  3,  1,  3],
      dtype=int32), array([ 8, 12,  1,  5,  7, 10,  6,  0,  2,  3,  4,  9,  2,  1, 11],
      dtype=int32), array([ 7,  5,  2,  4,  1, 11,  3,  8,  0,  6,  9, 10,  0, 12, 13],
      dtype=int32)]",0.6171722126872737
17,[1 1 1 0 0 3 3 0 2 2 0 0 1 0],"[0.3848445787840626, 0.45897327668285376, 0.5448373270888277, 0.31381525291341833, 0.293343675369019, 0.10671317138345245, 0.04335499689412657, 0.04336405176622184, 0.012586806314999663, 0.10896351487506059, 0.12225079678402202, 0.09179852677771697]","[array([0, 0, 0, 1, 1, 0, 1, 1, 0, 0, 1, 1, 0, 1], dtype=int32), array([2, 2, 2, 1, 1, 0, 1, 1, 0, 0, 1, 1, 2, 1], dtype=int32), array([1, 1, 1, 0, 0, 3, 3, 0, 2, 2, 0, 0, 1, 0], dtype=int32), array([1, 1, 1, 2, 2, 4, 4, 2, 3, 3, 0, 0, 1, 2], dtype=int32), array([5, 0, 0, 1, 1, 4, 4, 1, 2, 2, 3, 3, 0, 1], dtype=int32), array([5, 3, 3, 2, 2, 6, 1, 2, 0, 0, 4, 4, 3, 2], dtype=int32), array([2, 3, 6, 1, 1, 0, 7, 1, 4, 4, 5, 5, 3, 1], dtype=int32), array([7, 5, 1, 8, 4, 6, 0, 4, 3, 3, 2, 2, 5, 4], dtype=int32), array([6, 7, 3, 9, 5, 8, 4, 5, 0, 0, 1, 1, 2, 5], dtype=int32), array([ 0,  9,  7,  6,  1,  5,  4, 10,  2,  2,  8,  8,  3,  1],
      dtype=int32), array([ 7,  1, 10,  8, 11,  5,  0,  2,  3,  3,  9,  4,  6,  4],
      dtype=int32), array([ 8,  9,  6,  7, 12,  5,  3, 10,  2,  2,  0, 11,  1,  4],
      dtype=int32)]",0.5448373270888277
18,[0 2 2 3 0 0 0 4 1 4 1 2],"[0.3997786018333051, 0.5538769337171833, 0.5232720843040891, 0.6540156995953906, 0.382022557058523, 0.3487322555840772, 0.24577095626312187, 0.13982744672721167, 0.22298398944958941, 0.08960183981050875]","[array([0, 1, 1, 1, 0, 0, 0, 0, 1, 0, 1, 1], dtype=int32), array([0, 2, 2, 1, 0, 0, 0, 0, 1, 0, 1, 2], dtype=int32), array([0, 2, 2, 1, 0, 0, 0, 1, 3, 0, 3, 2], dtype=int32), array([0, 2, 2, 3, 0, 0, 0, 4, 1, 4, 1, 2], dtype=int32), array([3, 1, 1, 4, 3, 3, 0, 5, 2, 0, 2, 1], dtype=int32), array([1, 3, 3, 4, 1, 1, 6, 2, 0, 5, 0, 3], dtype=int32), array([4, 2, 2, 0, 4, 7, 6, 5, 3, 1, 3, 2], dtype=int32), array([6, 1, 1, 4, 6, 3, 7, 5, 2, 0, 2, 8], dtype=int32), array([9, 0, 0, 4, 1, 7, 6, 3, 2, 5, 2, 8], dtype=int32), array([ 6,  8,  8,  3,  9,  0,  7,  2, 10,  5,  4,  1], dtype=int32)]",0.6540156995953906
19,[2 0 0 4 2 2 2 1 3 4 1 1 3 0],"[0.2497037684674688, 0.3996932129526228, 0.529524272344566, 0.6209867510827356, 0.4998956281870453, 0.20866703221121738, 0.06978153867124672, 0.09944562408269146, 0.09645762283176117, 0.13406842261156707, 0.10099157828388584, 0.07835759927311282]","[array([1, 0, 1, 0, 1, 1, 1, 0, 0, 0, 0, 0, 1, 0], dtype=int32), array([2, 0, 0, 0, 2, 2, 2, 1, 0, 0, 1, 1, 2, 0], dtype=int32), array([0, 2, 2, 1, 0, 0, 0, 3, 1, 1, 3, 3, 1, 2], dtype=int32), array([2, 0, 0, 4, 2, 2, 2, 1, 3, 4, 1, 1, 3, 0], dtype=int32), array([4, 5, 3, 2, 4, 4, 4, 0, 1, 2, 0, 0, 1, 5], dtype=int32), array([4, 6, 0, 2, 3, 4, 4, 1, 5, 2, 1, 1, 5, 6], dtype=int32), array([3, 4, 0, 6, 5, 3, 3, 1, 2, 6, 1, 1, 7, 4], dtype=int32), array([5, 3, 7, 1, 0, 5, 5, 2, 8, 1, 6, 6, 4, 3], dtype=int32), array([1, 0, 5, 3, 6, 1, 7, 8, 4, 3, 2, 2, 9, 0], dtype=int32), array([10,  4,  3,  1,  8,  6,  0,  9,  7,  1,  2,  2,  5,  4],
      dtype=int32), array([ 2, 11,  9,  4,  8,  5,  7, 10,  1,  4,  0,  0,  6,  3],
      dtype=int32), array([ 8, 11,  4, 12,  7,  0,  6,  9, 10,  1,  2,  2,  5,  3],
      dtype=int32)]",0.6209867510827356
20,[2 1 1 3 2 2 2 4 0 3 4 4 0 1],"[0.2497037684674688, 0.3996932129526228, 0.529524272344566, 0.6209867510827356, 0.4998956281870453, 0.20866703221121738, 0.2383311176226621, 0.19322166324593962, 0.09645762283176117, 0.13406842261156707, 0.10099157828388584, 0.07835759927311282]","[array([0, 1, 0, 1, 0, 0, 0, 1, 1, 1, 1, 1, 0, 1], dtype=int32), array([0, 1, 1, 1, 0, 0, 0, 2, 1, 1, 2, 2, 0, 1], dtype=int32), array([0, 2, 2, 1, 0, 0, 0, 3, 1, 1, 3, 3, 1, 2], dtype=int32), array([2, 1, 1, 3, 2, 2, 2, 4, 0, 3, 4, 4, 0, 1], dtype=int32), array([0, 1, 4, 5, 0, 0, 0, 2, 3, 5, 2, 2, 3, 1], dtype=int32), array([0, 3, 6, 1, 5, 0, 0, 2, 4, 1, 2, 2, 4, 3], dtype=int32), array([1, 0, 7, 3, 6, 1, 1, 2, 5, 3, 4, 4, 5, 0], dtype=int32), array([4, 5, 3, 0, 1, 4, 7, 8, 6, 0, 2, 2, 6, 5], dtype=int32), array([1, 5, 3, 2, 7, 1, 9, 0, 6, 2, 4, 4, 8, 5], dtype=int32), array([10,  2,  5,  4,  7,  3,  6,  8,  9,  4,  1,  1,  0,  2],
      dtype=int32), array([ 1,  3,  6,  0,  4,  9,  7,  8, 10,  0,  2,  2,  5, 11],
      dtype=int32), array([10, 12,  7,  1,  8,  0,  9,  2, 11,  4,  6,  6,  5,  3],
      dtype=int32)]",0.6209867510827356
21,[4 4 7 3 1 1 1 2 3 5 2 0 2 0 6],"[0.2166940654612966, 0.3288618775042007, 0.43185780084415115, 0.5786008278869935, 0.5543079108238161, 0.5886284738621439, 0.5924667657376139, 0.41899517874692366, 0.3912085741100917, 0.3047112089990456, 0.20140766725471587, 0.09399886058197056, -0.01870687330954762]","[array([0, 0, 1, 0, 1, 1, 1, 0, 0, 1, 0, 0, 0, 0, 0], dtype=int32), array([1, 1, 0, 1, 0, 0, 0, 2, 1, 0, 2, 1, 2, 1, 1], dtype=int32), array([0, 0, 1, 3, 1, 1, 1, 2, 3, 1, 2, 3, 2, 3, 0], dtype=int32), array([1, 1, 2, 4, 2, 2, 2, 0, 4, 2, 0, 3, 0, 3, 1], dtype=int32), array([2, 2, 5, 4, 1, 1, 1, 3, 4, 5, 3, 0, 3, 0, 2], dtype=int32), array([2, 2, 6, 5, 3, 3, 3, 4, 5, 1, 4, 0, 4, 0, 2], dtype=int32), array([4, 4, 7, 3, 1, 1, 1, 2, 3, 5, 2, 0, 2, 0, 6], dtype=int32), array([7, 7, 8, 1, 0, 5, 5, 2, 1, 6, 2, 3, 2, 3, 4], dtype=int32), array([6, 6, 7, 2, 8, 4, 4, 9, 2, 0, 1, 5, 1, 5, 3], dtype=int32), array([ 3,  3,  6,  4,  7,  1,  1,  8,  4,  5, 10,  0,  2,  0,  9],
      dtype=int32), array([11,  1,  0,  5,  7,  3,  3, 10,  5,  6,  8,  4,  2,  4,  9],
      dtype=int32), array([ 6, 11,  7, 12,  8,  1,  1,  9,  5,  4, 10,  0,  2,  0,  3],
      dtype=int32), array([11,  2,  3, 12,  9,  0,  0,  1,  5,  8,  6, 13, 10,  4,  7],
      dtype=int32)]",0.5924667657376139
22,[4 1 0 3 5 5 2 0 3 2 4 0 1],"[0.3123868468653374, 0.41419520994396397, 0.49386618658651654, 0.5058477087758677, 0.544276357024618, 0.45582915540413443, 0.2993440555238685, 0.18302590711811678, 0.1661970870407072, 0.230309214674642, 0.14169816616075592]","[array([0, 0, 1, 0, 1, 1, 1, 1, 0, 0, 1, 1, 0], dtype=int32), array([1, 1, 2, 1, 0, 0, 0, 2, 1, 0, 2, 2, 1], dtype=int32), array([2, 2, 1, 0, 3, 3, 3, 1, 0, 0, 1, 1, 2], dtype=int32), array([4, 1, 2, 3, 0, 0, 0, 2, 3, 3, 2, 2, 1], dtype=int32), array([4, 1, 0, 3, 5, 5, 2, 0, 3, 2, 4, 0, 1], dtype=int32), array([6, 2, 1, 3, 4, 4, 0, 5, 3, 0, 1, 1, 2], dtype=int32), array([5, 2, 3, 0, 1, 1, 6, 7, 0, 4, 3, 3, 2], dtype=int32), array([0, 3, 7, 1, 2, 2, 6, 4, 1, 8, 5, 7, 3], dtype=int32), array([5, 3, 0, 1, 4, 8, 2, 6, 1, 7, 9, 0, 3], dtype=int32), array([ 8,  2,  1,  0,  6, 10,  3,  5,  0,  7,  4,  9,  2], dtype=int32), array([ 8,  0, 10,  3,  4,  9,  6,  7, 11,  2,  1,  5,  0], dtype=int32)]",0.544276357024618
23,[0 1 1 0 0 0 0 0 0 0 0 0 1],"[0.5801864451109318, 0.4308097666708026, 0.41130136684605784, 0.3110863374053021, -0.050351023322894456, 0.07256049785698851, 0.11107461644155622, 0.08012932305768805, 0.13000871000742018, 0.13796431306701212, -0.04950046780279692]","[array([0, 1, 1, 0, 0, 0, 0, 0, 0, 0, 0, 0, 1], dtype=int32), array([1, 2, 2, 1, 1, 1, 1, 0, 1, 0, 1, 1, 2], dtype=int32), array([1, 2, 2, 1, 3, 3, 3, 0, 1, 0, 3, 3, 2], dtype=int32), array([3, 2, 2, 3, 3, 0, 0, 1, 4, 1, 4, 4, 2], dtype=int32), array([5, 2, 2, 5, 4, 4, 0, 1, 3, 1, 4, 3, 2], dtype=int32), array([6, 1, 1, 6, 2, 2, 4, 3, 0, 5, 2, 0, 1], dtype=int32), array([1, 2, 2, 1, 4, 5, 7, 6, 3, 0, 4, 3, 2], dtype=int32), array([2, 1, 1, 8, 5, 4, 7, 3, 0, 6, 5, 0, 1], dtype=int32), array([6, 1, 1, 8, 3, 5, 0, 4, 2, 7, 9, 3, 1], dtype=int32), array([ 8,  1,  1,  7,  0,  6,  3,  5,  4,  2,  9, 10,  1], dtype=int32), array([ 2,  1,  1,  8,  3,  0,  7,  4,  5,  6,  9, 10, 11], dtype=int32)]",0.5801864451109318
24,[0 1 1 0 0 0 0 0 0 0 0 0 1 0],"[0.5751434902789926, 0.44811511269626997, 0.39382291737244046, 0.14994720182695118, 0.23756538775429134, 0.25606732421734146, 0.02601618295876842, 0.18904966840328896, 0.030643607093557672, 0.03414076723775401, -0.05364903709073733, 0.03292933166829134]","[array([0, 1, 1, 0, 0, 0, 0, 0, 0, 0, 0, 0, 1, 0], dtype=int32), array([1, 2, 2, 1, 1, 0, 1, 0, 1, 0, 1, 1, 2, 0], dtype=int32), array([1, 0, 0, 1, 1, 3, 1, 2, 1, 2, 1, 1, 0, 2], dtype=int32), array([0, 1, 1, 0, 0, 4, 0, 3, 2, 3, 2, 2, 1, 2], dtype=int32), array([3, 1, 1, 3, 3, 4, 3, 5, 0, 2, 0, 0, 1, 0], dtype=int32), array([2, 0, 0, 2, 3, 4, 3, 6, 1, 5, 1, 1, 0, 1], dtype=int32), array([2, 1, 1, 7, 2, 5, 2, 4, 0, 3, 0, 6, 1, 6], dtype=int32), array([6, 2, 2, 6, 3, 0, 3, 7, 5, 4, 8, 8, 2, 1], dtype=int32), array([1, 0, 0, 9, 1, 3, 7, 2, 6, 5, 8, 8, 0, 4], dtype=int32), array([ 1,  2,  2,  9,  1,  3,  8,  5,  7,  0,  6, 10,  2,  4],
      dtype=int32), array([ 0,  1, 11,  6,  0,  5,  9,  8,  7,  3,  4, 10,  1,  2],
      dtype=int32), array([12, 10,  0,  7,  3,  4,  9,  6,  8,  5,  1, 11, 10,  2],
      dtype=int32)]",0.5751434902789926
25,[3 2 1 0 1 1 3 1 0 1 3 1 1 2 1],"[0.4134333889808755, 0.46928655924408896, 0.6180015890137639, 0.3999312901066593, 0.31987141262987523, 0.22414077270238172, 0.2660559154470215, 0.20831618073331895, 0.1780063699686892, 0.17008396160484154, 0.15797611019414795, 0.08199552882210327, 0.12366343775505936]","[array([0, 1, 0, 1, 0, 0, 1, 0, 1, 0, 0, 0, 0, 1, 0], dtype=int32), array([0, 2, 1, 2, 1, 1, 0, 1, 2, 1, 0, 1, 1, 2, 1], dtype=int32), array([3, 2, 1, 0, 1, 1, 3, 1, 0, 1, 3, 1, 1, 2, 1], dtype=int32), array([4, 3, 2, 0, 2, 1, 4, 1, 0, 2, 4, 2, 2, 3, 2], dtype=int32), array([3, 0, 1, 2, 1, 5, 4, 3, 2, 1, 3, 1, 1, 0, 1], dtype=int32), array([4, 0, 1, 5, 3, 2, 6, 2, 5, 3, 4, 3, 3, 0, 1], dtype=int32), array([3, 2, 7, 0, 1, 4, 5, 6, 0, 1, 3, 1, 1, 2, 7], dtype=int32), array([2, 3, 8, 1, 0, 6, 5, 4, 1, 0, 7, 0, 0, 3, 8], dtype=int32), array([8, 2, 5, 3, 1, 7, 0, 6, 3, 9, 4, 1, 9, 2, 5], dtype=int32), array([ 9,  1, 10,  4,  8,  6,  2,  7,  4,  5,  3,  8,  5,  1,  0],
      dtype=int32), array([ 7,  2,  4,  1,  9,  5,  6,  8,  1,  0,  3, 11,  0,  2, 10],
      dtype=int32), array([ 2,  0, 11, 12,  9,  7,  6,  8,  4,  1,  3, 10,  1,  0,  5],
      dtype=int32), array([ 9,  3, 10, 12, 11,  7,  4,  6,  2,  8,  0,  1, 13,  3,  5],
      dtype=int32)]",0.6180015890137639
26,[0 1 1 0 2 0 2 2 0 2 0 0 0 0 1 0],"[0.4293021640402208, 0.5814809641751219, 0.5543267140798198, 0.5448661289613655, -0.01582619184055329, -0.005696188039358757, 0.015189031906277663, -0.03199865185713551, -0.015176725588642654, 0.0804855892031294, 0.05447570756346835, -0.12894835188546852, -0.11354356925198134, -0.046826003937722724]","[array([1, 0, 0, 1, 0, 1, 0, 0, 1, 0, 1, 1, 1, 1, 0, 1], dtype=int32), array([0, 1, 1, 0, 2, 0, 2, 2, 0, 2, 0, 0, 0, 0, 1, 0], dtype=int32), array([2, 0, 0, 2, 3, 1, 3, 3, 1, 3, 2, 1, 2, 2, 0, 2], dtype=int32), array([3, 2, 2, 3, 1, 0, 1, 4, 0, 1, 3, 0, 3, 3, 2, 3], dtype=int32), array([1, 0, 0, 1, 2, 4, 2, 3, 4, 2, 1, 4, 1, 5, 0, 1], dtype=int32), array([0, 3, 3, 0, 1, 2, 1, 4, 5, 1, 0, 5, 0, 6, 3, 0], dtype=int32), array([6, 1, 1, 0, 2, 5, 2, 4, 3, 2, 0, 3, 0, 7, 1, 0], dtype=int32), array([3, 0, 0, 1, 6, 4, 2, 5, 7, 6, 1, 7, 1, 8, 0, 1], dtype=int32), array([8, 1, 1, 5, 2, 6, 9, 4, 0, 2, 3, 0, 3, 7, 1, 5], dtype=int32), array([ 7,  3,  3,  2,  0,  6,  8,  4, 10,  0,  2,  1,  2,  5,  3,  9],
      dtype=int32), array([ 7,  3,  3,  1,  6,  5,  0,  2,  9,  6,  1,  4, 10,  8,  3, 11],
      dtype=int32), array([ 6,  3,  3,  1,  0,  4,  8,  2, 11,  0,  1,  5,  9,  7, 12, 10],
      dtype=int32), array([ 6, 10, 10,  1, 12,  5,  9,  4,  3,  2,  1, 11,  8,  7,  0, 13],
      dtype=int32), array([ 5,  2,  2, 14, 10,  4,  8,  0,  6,  3,  1, 11, 13,  7, 12,  9],
      dtype=int32)]",0.5814809641751219
27,[1 0 0 1 2 1 2 1 2 1 1 1 0 1],"[0.4421781423299936, 0.5844318458057315, 0.41637820141365856, 0.5015582573369443, 0.20083062185225162, 0.17894334607218645, 0.10770717783530537, 0.1339740932959032, 0.12947612665538352, 0.1594583274331288, 0.10620400123418346, 0.11451922950482166]","[array([1, 0, 0, 1, 0, 1, 0, 1, 0, 1, 1, 1, 0, 1], dtype=int32), array([1, 0, 0, 1, 2, 1, 2, 1, 2, 1, 1, 1, 0, 1], dtype=int32), array([3, 1, 1, 3, 2, 0, 2, 0, 2, 0, 3, 0, 1, 0], dtype=int32), array([1, 0, 0, 1, 2, 4, 2, 3, 2, 4, 3, 4, 0, 4], dtype=int32), array([1, 0, 0, 1, 2, 5, 4, 3, 2, 1, 3, 5, 0, 1], dtype=int32), array([6, 3, 3, 6, 1, 2, 4, 0, 1, 2, 5, 2, 3, 0], dtype=int32), array([7, 1, 1, 6, 2, 0, 3, 4, 2, 0, 5, 0, 1, 4], dtype=int32), array([8, 3, 3, 5, 0, 6, 7, 1, 0, 2, 4, 2, 3, 1], dtype=int32), array([8, 2, 4, 0, 1, 9, 7, 6, 1, 3, 5, 3, 4, 6], dtype=int32), array([ 9,  3,  4,  1,  5,  8,  0,  7,  5,  2,  6,  2,  4, 10],
      dtype=int32), array([ 7,  1,  4, 10,  2,  5,  3,  8, 11,  0,  6,  0,  4,  9],
      dtype=int32), array([ 8,  1,  5,  3, 11, 10,  7,  9,  2, 12,  6,  4,  5,  0],
      dtype=int32)]",0.5844318458057315
28,[3 1 1 0 2 0 2 1 3 2 0 0 0 1 0],"[0.3693263894041435, 0.32480161978181943, 0.4382290196599419, 0.4161581566739273, 0.28174105416668244, 0.1564347194036615, 0.15094692255939343, 0.14866308598868402, 0.0012091490840410494, -0.015853781548662127, -0.038723259992729527, -0.12912672925809884, -0.06417431536043545]","[array([0, 0, 0, 1, 0, 1, 0, 0, 1, 0, 1, 1, 1, 0, 1], dtype=int32), array([0, 2, 2, 1, 2, 1, 2, 2, 0, 2, 1, 1, 1, 2, 1], dtype=int32), array([3, 1, 1, 0, 2, 0, 2, 1, 3, 2, 0, 0, 0, 1, 0], dtype=int32), array([1, 3, 3, 2, 4, 2, 4, 0, 1, 4, 2, 2, 2, 3, 2], dtype=int32), array([2, 3, 3, 4, 1, 4, 1, 5, 2, 1, 0, 0, 0, 3, 4], dtype=int32), array([4, 1, 1, 0, 3, 0, 6, 5, 4, 3, 2, 2, 2, 1, 0], dtype=int32), array([3, 0, 6, 4, 2, 4, 7, 5, 3, 2, 1, 1, 1, 0, 4], dtype=int32), array([3, 2, 5, 4, 0, 4, 6, 7, 8, 0, 1, 1, 1, 2, 4], dtype=int32), array([5, 2, 8, 4, 3, 9, 6, 0, 7, 3, 1, 1, 4, 2, 4], dtype=int32), array([ 7,  0,  8, 10,  5,  6,  2,  4,  3,  5,  9,  9,  1,  0, 10],
      dtype=int32), array([ 3,  7,  1, 10, 11,  8,  4,  5,  6,  2,  9,  9,  0,  7, 10],
      dtype=int32), array([ 3, 12,  8,  9,  1,  4,  6,  5,  7, 10,  0,  0, 11,  2,  9],
      dtype=int32), array([ 5, 12,  9,  3,  2, 11,  0,  6,  8,  7, 13,  1, 10,  4,  3],
      dtype=int32)]",0.4382290196599419
29,[3 5 1 0 0 2 4 2 0 0 0 5 3],"[0.42791356559357535, 0.5695604972069325, 0.5622438785796098, 0.5610537941031538, 0.5707617546578034, 0.2864698666016301, 0.27916457638652337, 0.22821704252039593, 0.2455731433799884, 0.12369472750317732, 0.1427254063501135]","[array([0, 1, 1, 0, 0, 1, 1, 1, 0, 0, 0, 1, 0], dtype=int32), array([0, 2, 2, 0, 0, 1, 2, 1, 0, 0, 0, 2, 0], dtype=int32), array([3, 0, 0, 1, 1, 2, 0, 2, 1, 1, 1, 0, 3], dtype=int32), array([3, 2, 2, 1, 1, 0, 4, 0, 1, 1, 1, 2, 3], dtype=int32), array([3, 5, 1, 0, 0, 2, 4, 2, 0, 0, 0, 5, 3], dtype=int32), array([5, 2, 4, 6, 6, 1, 3, 1, 0, 6, 0, 2, 0], dtype=int32), array([3, 2, 5, 1, 1, 0, 4, 0, 6, 1, 6, 2, 7], dtype=int32), array([3, 4, 1, 0, 8, 2, 5, 2, 7, 0, 7, 4, 6], dtype=int32), array([6, 0, 8, 1, 7, 2, 4, 2, 5, 9, 5, 0, 3], dtype=int32), array([ 2,  1,  5,  9,  8,  4,  3,  4,  6,  0,  6, 10,  7], dtype=int32), array([ 5, 10,  2,  9,  8,  3,  4,  3,  1,  6, 11,  0,  7], dtype=int32)]",0.5707617546578034
30,[1 0 0 1 0 0 0 1],"[0.4115626896731921, 0.19042108862452106, -0.1486663450553688, -0.030387308324606774, 0.019701903822281937, -0.0017715758178989522]","[array([1, 0, 0, 1, 0, 0, 0, 1], dtype=int32), array([2, 1, 1, 0, 1, 1, 1, 0], dtype=int32), array([1, 2, 0, 3, 0, 2, 0, 3], dtype=int32), array([4, 1, 1, 0, 3, 1, 2, 3], dtype=int32), array([0, 4, 3, 2, 1, 4, 5, 1], dtype=int32), array([2, 1, 4, 6, 3, 1, 5, 0], dtype=int32)]",0.4115626896731921
31,[1 1 1 0 0 1 0 1 1 1],"[0.47613969345649937, 0.22236016775728168, -0.3018074744656893, -0.23575284107236186, -0.07830029703156902, -0.030993004209937502, -0.02921323769397351, 0.018876023778719116]","[array([1, 1, 1, 0, 0, 1, 0, 1, 1, 1], dtype=int32), array([1, 1, 1, 2, 2, 0, 2, 1, 1, 1], dtype=int32), array([0, 0, 2, 1, 1, 3, 1, 0, 0, 0], dtype=int32), array([3, 3, 0, 1, 4, 2, 1, 3, 3, 3], dtype=int32), array([1, 1, 5, 0, 4, 3, 2, 1, 1, 1], dtype=int32), array([3, 1, 5, 6, 4, 0, 2, 3, 1, 3], dtype=int32), array([7, 5, 4, 3, 1, 6, 2, 0, 5, 0], dtype=int32), array([7, 6, 3, 1, 4, 2, 5, 8, 6, 0], dtype=int32)]",0.47613969345649937
32,[1 0 0 1 3 1 2 2 1 2 1 1 1],"[0.547000846810966, 0.6032243669813206, 0.6671500580499118, 0.3723959821494031, 0.06151343163562501, 0.06503570623001326, 0.006324472098394758, 0.12345148975039383, 0.10528192853356691, 0.005145715413923766, 0.04996229254970949]","[array([0, 1, 1, 0, 1, 0, 1, 1, 0, 1, 0, 0, 0], dtype=int32), array([0, 2, 2, 0, 2, 0, 1, 1, 0, 1, 0, 0, 0], dtype=int32), array([1, 0, 0, 1, 3, 1, 2, 2, 1, 2, 1, 1, 1], dtype=int32), array([0, 4, 4, 2, 1, 0, 3, 3, 2, 3, 2, 2, 2], dtype=int32), array([2, 4, 4, 2, 1, 0, 3, 5, 2, 3, 2, 2, 2], dtype=int32), array([0, 3, 3, 4, 5, 0, 2, 6, 4, 2, 4, 1, 4], dtype=int32), array([7, 0, 0, 1, 5, 4, 2, 3, 1, 2, 1, 6, 1], dtype=int32), array([6, 1, 1, 7, 5, 0, 3, 4, 2, 3, 2, 8, 2], dtype=int32), array([8, 0, 0, 1, 3, 5, 2, 4, 9, 2, 6, 7, 6], dtype=int32), array([ 5, 10,  2,  8,  4,  7,  1,  3,  9,  1,  0,  6,  0], dtype=int32), array([ 6, 10,  2,  9,  4,  5,  1,  3,  8,  1,  0,  7, 11], dtype=int32)]",0.6671500580499118
33,[0 1 1 0 2 0 2 1 0 2 0 0 0],"[0.4954880036216325, 0.6308857085816366, -0.02545146278675437, 0.04520538124191596, -0.20958147721259568, -0.08933391038117702, -0.07176421674511316, -0.023248375939209334, 0.04872756720486148, 0.03775449343520448, -0.0023251736543104373]","[array([0, 1, 1, 0, 1, 0, 1, 1, 0, 1, 0, 0, 0], dtype=int32), array([0, 1, 1, 0, 2, 0, 2, 1, 0, 2, 0, 0, 0], dtype=int32), array([1, 2, 2, 1, 0, 3, 0, 3, 1, 0, 1, 1, 1], dtype=int32), array([1, 0, 0, 1, 2, 4, 3, 4, 1, 2, 1, 1, 1], dtype=int32), array([0, 1, 1, 0, 2, 5, 3, 4, 0, 2, 0, 0, 0], dtype=int32), array([3, 1, 1, 3, 5, 6, 2, 4, 0, 5, 3, 3, 0], dtype=int32), array([7, 2, 2, 7, 1, 6, 5, 3, 4, 1, 0, 0, 4], dtype=int32), array([6, 1, 1, 6, 2, 7, 3, 4, 5, 8, 0, 0, 5], dtype=int32), array([8, 2, 2, 9, 7, 3, 5, 6, 4, 1, 0, 0, 4], dtype=int32), array([10,  3,  8,  9,  7,  5,  6,  0,  1,  2,  4,  4,  1], dtype=int32), array([ 7,  9,  1, 10,  3,  0,  5,  4,  6,  8,  2,  2, 11], dtype=int32)]",0.6308857085816366
34,[1 2 2 1 0 1 0 2 1 0 1 1 1],"[0.4271817477802099, 0.5918071155470724, 0.5550388011128449, 0.3339584332792516, 0.3473537970803244, 0.16433124099534716, -0.13892214672966083, -0.03605370793437982, -0.027886848777480096, -0.03881910892234363, -0.006299266971971292]","[array([0, 1, 1, 0, 0, 0, 0, 1, 0, 0, 0, 0, 0], dtype=int32), array([1, 2, 2, 1, 0, 1, 0, 2, 1, 0, 1, 1, 1], dtype=int32), array([0, 2, 2, 3, 1, 3, 1, 2, 0, 1, 0, 3, 0], dtype=int32), array([3, 1, 1, 0, 2, 4, 2, 1, 0, 2, 4, 3, 0], dtype=int32), array([0, 2, 2, 5, 1, 4, 1, 2, 3, 1, 4, 0, 3], dtype=int32), array([0, 1, 1, 4, 2, 6, 2, 1, 3, 2, 5, 0, 3], dtype=int32), array([3, 5, 5, 7, 1, 6, 1, 2, 3, 1, 4, 0, 3], dtype=int32), array([8, 3, 3, 5, 2, 7, 2, 0, 1, 2, 6, 4, 1], dtype=int32), array([0, 1, 1, 4, 2, 6, 2, 9, 3, 7, 5, 8, 3], dtype=int32), array([ 6,  1,  1,  5,  2,  8,  2,  7,  0, 10,  4,  3,  9], dtype=int32), array([ 0,  2,  2,  5, 11,  3,  7,  9,  4,  1,  8,  6, 10], dtype=int32)]",0.5918071155470724
35,[0 1 1 0 2 2 1 0 2 0 0 1 1],"[0.37821291356109743, 0.5997000675037699, 0.4244355917351088, 0.0703033652861264, 0.004416154784120607, 0.0453927032893975, 0.19977689630876963, 0.13415963852865737, 0.11711881431661567, -0.035908383855965335, -0.006103968349358267]","[array([1, 0, 0, 1, 0, 0, 0, 1, 0, 1, 1, 0, 0], dtype=int32), array([0, 1, 1, 0, 2, 2, 1, 0, 2, 0, 0, 1, 1], dtype=int32), array([3, 2, 2, 1, 0, 0, 2, 3, 0, 1, 3, 2, 2], dtype=int32), array([0, 2, 2, 4, 1, 1, 3, 0, 1, 0, 0, 2, 2], dtype=int32), array([0, 2, 2, 3, 1, 1, 4, 0, 1, 3, 0, 2, 5], dtype=int32), array([5, 1, 1, 4, 2, 2, 3, 0, 2, 0, 0, 1, 6], dtype=int32), array([1, 0, 6, 4, 2, 2, 5, 1, 2, 7, 1, 0, 3], dtype=int32), array([7, 8, 1, 4, 2, 2, 3, 0, 2, 6, 0, 8, 5], dtype=int32), array([9, 7, 3, 5, 0, 0, 4, 2, 0, 8, 2, 6, 1], dtype=int32), array([ 1,  2,  6,  3, 10, 10,  9,  4,  0,  8,  4,  7,  5], dtype=int32), array([ 7,  1,  5,  3,  2,  2,  6,  0, 11,  9, 10,  8,  4], dtype=int32)]",0.5997000675037699
36,[1 0 0 1 2 2 0 2 2 1 1 0 0],"[0.4577859125336837, 0.5274388802239316, 0.42953201428740617, 0.3403617000121431, 0.22131278663606907, 0.20845933022316837, -0.05980696648786123, 0.09299829697535672, -0.13437799442326365, -0.07460296839934079, 0.010646153575959728]","[array([0, 1, 1, 0, 0, 0, 1, 0, 0, 0, 0, 1, 1], dtype=int32), array([1, 0, 0, 1, 2, 2, 0, 2, 2, 1, 1, 0, 0], dtype=int32), array([2, 0, 0, 2, 3, 3, 0, 1, 3, 2, 2, 0, 0], dtype=int32), array([4, 1, 1, 0, 2, 2, 1, 0, 2, 4, 0, 3, 1], dtype=int32), array([2, 1, 5, 2, 3, 3, 1, 4, 0, 2, 4, 1, 1], dtype=int32), array([0, 3, 5, 4, 2, 2, 3, 4, 6, 0, 4, 1, 3], dtype=int32), array([1, 5, 4, 2, 3, 6, 5, 2, 3, 1, 2, 7, 0], dtype=int32), array([2, 1, 6, 5, 4, 3, 1, 0, 7, 2, 5, 8, 1], dtype=int32), array([6, 3, 5, 6, 2, 8, 3, 4, 9, 1, 1, 0, 7], dtype=int32), array([ 2,  3,  6, 10,  4,  0,  3,  5,  7,  8,  8,  1,  9], dtype=int32), array([ 9,  1,  3, 10,  4,  8,  1,  7,  2,  6,  0,  5, 11], dtype=int32)]",0.5274388802239316
37,[1 2 2 3 0 0 2 1 0 1 3 2 2],"[0.36984177386223716, 0.4653549017247623, 0.5565301483022593, 0.38324368509351703, 0.10663488305055153, 0.23850680491786777, -0.07259490093961185, 0.06549278241287614, 0.20675159918222782, 0.1804452615728976, -0.04904580231463826]","[array([1, 1, 1, 1, 0, 0, 1, 1, 0, 1, 1, 1, 1], dtype=int32), array([0, 1, 1, 0, 2, 2, 1, 0, 2, 0, 0, 1, 1], dtype=int32), array([1, 2, 2, 3, 0, 0, 2, 1, 0, 1, 3, 2, 2], dtype=int32), array([2, 3, 3, 4, 1, 1, 0, 2, 1, 2, 4, 0, 0], dtype=int32), array([1, 4, 4, 0, 3, 3, 2, 5, 3, 5, 0, 2, 2], dtype=int32), array([0, 1, 1, 4, 2, 2, 6, 5, 2, 5, 4, 6, 3], dtype=int32), array([5, 4, 4, 0, 2, 2, 6, 3, 2, 3, 7, 1, 1], dtype=int32), array([5, 3, 3, 4, 1, 1, 6, 0, 1, 0, 7, 2, 8], dtype=int32), array([6, 8, 0, 4, 1, 1, 5, 2, 1, 2, 9, 7, 3], dtype=int32), array([ 7,  4,  9,  8,  1,  1,  6, 10,  1,  0,  3,  5,  2], dtype=int32), array([ 5,  9,  1,  4,  2,  2,  6, 10, 11,  0,  7,  8,  3], dtype=int32)]",0.5565301483022593
38,[0 1 1 3 2 1 2 3 3 0 1],"[0.3393736271380758, 0.5016551658316598, 0.5736260377477825, 0.26321866928039045, 0.056714718312336126, -0.05783997744758158, -0.08110417145761749, 0.015119820656529287, -0.0800610233361063]","[array([0, 1, 1, 0, 0, 1, 0, 0, 0, 0, 1], dtype=int32), array([1, 0, 0, 1, 2, 0, 2, 1, 1, 0, 0], dtype=int32), array([0, 1, 1, 3, 2, 1, 2, 3, 3, 0, 1], dtype=int32), array([4, 0, 0, 3, 2, 0, 2, 1, 1, 4, 0], dtype=int32), array([1, 0, 5, 5, 2, 4, 2, 3, 3, 1, 0], dtype=int32), array([4, 1, 6, 0, 2, 5, 2, 3, 3, 4, 1], dtype=int32), array([7, 1, 5, 6, 2, 4, 2, 0, 0, 3, 1], dtype=int32), array([3, 8, 7, 4, 2, 5, 2, 0, 0, 6, 1], dtype=int32), array([3, 8, 7, 1, 2, 6, 9, 4, 4, 5, 0], dtype=int32)]",0.5736260377477825
39,[3 0 2 3 1 2 0 3 1 1 2 0 0 0],"[0.3114102789236607, 0.4446253857659431, 0.5053541343847842, 0.36098232588711526, 0.4048861191746826, 0.26530898976175743, 0.276383497664571, 0.06538797919631896, 0.060869485878844776, 0.040943303599097335, 0.09230293364801126, 0.12347777972494163]","[array([0, 1, 0, 0, 0, 0, 1, 0, 0, 0, 0, 1, 1, 1], dtype=int32), array([0, 0, 1, 1, 2, 1, 0, 1, 2, 1, 1, 0, 0, 0], dtype=int32), array([3, 0, 2, 3, 1, 2, 0, 3, 1, 1, 2, 0, 0, 0], dtype=int32), array([3, 0, 1, 4, 2, 1, 0, 4, 2, 4, 1, 0, 0, 0], dtype=int32), array([3, 0, 2, 4, 1, 2, 0, 4, 1, 5, 2, 0, 0, 0], dtype=int32), array([5, 1, 4, 0, 3, 2, 1, 0, 3, 6, 2, 1, 1, 1], dtype=int32), array([4, 0, 7, 1, 2, 3, 5, 1, 2, 6, 3, 5, 5, 5], dtype=int32), array([5, 4, 6, 1, 2, 3, 8, 1, 2, 7, 3, 0, 8, 0], dtype=int32), array([6, 0, 8, 3, 1, 7, 4, 3, 1, 5, 2, 9, 4, 9], dtype=int32), array([ 4,  7,  8,  2,  0,  9,  1, 10,  0,  5,  3,  6,  1,  6],
      dtype=int32), array([ 5,  8,  4,  9,  6,  7, 11,  2,  6,  0,  3,  1, 10,  1],
      dtype=int32), array([ 5, 10,  8,  3,  1,  4, 11,  7,  1,  6,  2,  0,  9, 12],
      dtype=int32)]",0.5053541343847842
40,[0 3 1 2 3 0 1 0 3 3 1 1 2 1],"[0.4294633722034118, 0.4458840379541003, 0.557588758272465, 0.2449525751186612, -0.27368835029957955, -0.37000115252251076, -0.2441252971366723, -0.12251557280936357, -0.12243263028680383, -0.0738030416761718, -0.09141067768943653, -0.07377785504292832]","[array([0, 0, 1, 1, 0, 0, 1, 0, 0, 0, 1, 1, 1, 1], dtype=int32), array([1, 1, 0, 2, 1, 1, 0, 1, 1, 1, 0, 0, 2, 0], dtype=int32), array([0, 3, 1, 2, 3, 0, 1, 0, 3, 3, 1, 1, 2, 1], dtype=int32), array([4, 2, 1, 3, 2, 4, 1, 2, 0, 2, 1, 1, 3, 1], dtype=int32), array([3, 4, 2, 0, 1, 3, 5, 4, 1, 1, 2, 2, 0, 2], dtype=int32), array([3, 4, 0, 2, 4, 3, 6, 1, 5, 4, 0, 0, 2, 0], dtype=int32), array([7, 2, 1, 3, 2, 0, 5, 4, 6, 2, 1, 1, 3, 1], dtype=int32), array([6, 4, 1, 3, 4, 5, 7, 2, 0, 4, 1, 8, 3, 1], dtype=int32), array([7, 5, 4, 3, 1, 0, 8, 9, 6, 1, 4, 2, 3, 4], dtype=int32), array([ 7,  2,  4, 10,  9,  5,  8,  0,  6,  2,  4,  1,  3,  4],
      dtype=int32), array([ 7,  2,  1,  9,  8,  4,  5,  6,  0,  2,  1, 10,  3, 11],
      dtype=int32), array([ 7, 12,  3,  9, 11,  4,  0,  6,  5,  1,  3,  8,  2, 10],
      dtype=int32)]",0.557588758272465
41,[1 3 4 4 3 2 0 1 2 3 2 3 0 0 0 0],"[0.32801989852365354, 0.3911929048665098, 0.3452468476165048, 0.43645849123217473, 0.08820452795845142, 0.1314429047565979, 0.09317789215452765, -0.01982234126146027, -0.01377300025339402, -0.022374223327690256, -0.022374223327690256, 0.04635246044696728, 0.01053412548156775, -0.04524960474520463]","[array([0, 0, 1, 1, 1, 0, 1, 0, 0, 0, 0, 0, 1, 1, 1, 1], dtype=int32), array([2, 0, 1, 1, 0, 2, 1, 2, 2, 0, 2, 0, 1, 1, 1, 1], dtype=int32), array([2, 1, 3, 3, 1, 2, 0, 2, 2, 1, 2, 1, 0, 0, 0, 0], dtype=int32), array([1, 3, 4, 4, 3, 2, 0, 1, 2, 3, 2, 3, 0, 0, 0, 0], dtype=int32), array([2, 3, 1, 1, 5, 0, 4, 2, 0, 3, 0, 3, 4, 1, 4, 1], dtype=int32), array([5, 0, 3, 3, 4, 2, 1, 5, 6, 0, 2, 0, 1, 1, 1, 1], dtype=int32), array([0, 5, 3, 3, 7, 4, 1, 0, 2, 6, 4, 5, 1, 1, 1, 1], dtype=int32), array([1, 7, 4, 4, 5, 2, 6, 1, 8, 3, 2, 7, 6, 0, 6, 0], dtype=int32), array([4, 0, 3, 3, 6, 2, 5, 4, 7, 8, 2, 0, 5, 1, 9, 1], dtype=int32), array([ 2,  7,  5, 10,  8,  3,  6,  2,  0,  4,  3,  7,  6,  1,  9,  1],
      dtype=int32), array([ 2,  5,  6, 10,  9,  7,  4,  2,  0,  3,  8,  5,  4,  1, 11,  1],
      dtype=int32), array([ 1,  3, 11,  4,  5,  2,  6,  1,  8,  7, 10, 12,  6,  9,  0,  9],
      dtype=int32), array([ 5, 10,  0, 13,  4,  9,  2,  5,  6, 12,  3,  1, 11,  7,  8,  7],
      dtype=int32), array([13, 10,  8, 14,  6,  9,  0,  5,  2, 11,  7,  1, 12,  3,  4,  3],
      dtype=int32)]",0.43645849123217473
42,[2 2 0 0 1 1 0 1 1 1 1 0 0 3 3],"[0.428936833384455, 0.4411930713252206, 0.587278497502787, 0.5393145978538441, 0.5254978345943687, 0.5459282435033158, 0.266375567908134, 0.17057896562032218, 0.13808252386799275, 0.06372204965581131, 0.037759481925647466, -0.0476439616486486, -0.024809973656007515]","[array([0, 0, 1, 1, 0, 0, 1, 0, 0, 0, 0, 1, 1, 1, 1], dtype=int32), array([1, 1, 0, 0, 2, 2, 0, 2, 2, 1, 2, 0, 0, 1, 0], dtype=int32), array([2, 2, 0, 0, 1, 1, 0, 1, 1, 1, 1, 0, 0, 3, 3], dtype=int32), array([4, 4, 1, 1, 0, 0, 1, 0, 0, 2, 0, 1, 1, 3, 3], dtype=int32), array([5, 5, 2, 2, 3, 4, 2, 3, 3, 1, 3, 2, 2, 0, 0], dtype=int32), array([2, 2, 1, 1, 5, 4, 1, 0, 5, 6, 0, 1, 1, 3, 3], dtype=int32), array([2, 2, 1, 7, 0, 6, 7, 4, 0, 5, 4, 7, 1, 3, 3], dtype=int32), array([2, 2, 0, 7, 6, 5, 7, 1, 8, 4, 1, 7, 0, 3, 3], dtype=int32), array([3, 3, 1, 4, 0, 7, 4, 6, 8, 2, 9, 4, 1, 5, 5], dtype=int32), array([ 0,  0, 10,  1,  8,  5,  1,  7,  9,  3,  2,  1, 10,  6,  4],
      dtype=int32), array([ 2,  2,  0,  7,  4,  5, 11,  1,  8,  6,  9,  7,  0,  3, 10],
      dtype=int32), array([ 4, 12,  0,  7,  8,  5, 10,  3,  6,  1,  9,  7,  0, 11,  2],
      dtype=int32), array([12,  2,  0, 13,  6,  8, 11,  7,  9,  5,  1,  3,  0,  4, 10],
      dtype=int32)]",0.587278497502787
43,[3 0 2 2 3 1 3 0 3 3 2 2 1 0],"[0.3485376017985939, 0.34739458054657274, 0.3835307829673696, 0.30269482857272756, 0.25427778822958097, 0.19134157887923367, 0.24713736147127235, 0.05976979784442011, 0.03265072548207743, -0.031012047576423812, -0.0025788141117773044, 0.01535186771093904]","[array([0, 0, 1, 1, 0, 1, 0, 0, 0, 0, 1, 1, 0, 0], dtype=int32), array([2, 1, 0, 0, 1, 0, 1, 2, 2, 1, 0, 0, 2, 2], dtype=int32), array([3, 0, 2, 2, 3, 1, 3, 0, 3, 3, 2, 2, 1, 0], dtype=int32), array([2, 0, 1, 1, 0, 3, 0, 2, 2, 0, 1, 1, 3, 4], dtype=int32), array([0, 4, 1, 1, 0, 1, 2, 4, 0, 2, 1, 1, 5, 3], dtype=int32), array([2, 0, 1, 1, 4, 3, 4, 6, 2, 4, 1, 1, 3, 5], dtype=int32), array([2, 6, 3, 3, 0, 1, 0, 4, 7, 0, 3, 3, 1, 5], dtype=int32), array([7, 4, 0, 0, 7, 3, 1, 6, 2, 1, 8, 0, 3, 5], dtype=int32), array([8, 7, 0, 0, 8, 4, 1, 5, 2, 1, 9, 0, 3, 6], dtype=int32), array([10,  2,  1,  1,  7,  8,  4,  6,  0,  4,  9,  1,  3,  5],
      dtype=int32), array([ 7,  9, 11,  1,  6,  8,  2,  4,  3,  2, 10,  1,  0,  5],
      dtype=int32), array([ 4,  0, 11,  2, 10,  8,  3,  1,  7,  3,  9, 12,  6,  5],
      dtype=int32)]",0.3835307829673696
44,[0 1 1 0 0 0 0 1 1 1 1],"[0.5726319044791371, 0.48756931264225917, 0.4957981400165283, 0.23899821151039868, 0.051373018337825795, 0.14663316297292245, 0.08240313429548608, 0.0002991699450863419, 0.03953226383475957]","[array([0, 1, 1, 0, 0, 0, 0, 1, 1, 1, 1], dtype=int32), array([0, 1, 1, 0, 0, 0, 0, 1, 1, 2, 1], dtype=int32), array([1, 2, 2, 1, 3, 3, 1, 2, 2, 0, 2], dtype=int32), array([4, 1, 1, 2, 0, 0, 2, 1, 1, 3, 1], dtype=int32), array([4, 0, 0, 5, 1, 1, 5, 3, 0, 2, 3], dtype=int32), array([5, 3, 3, 4, 1, 1, 4, 0, 6, 2, 0], dtype=int32), array([5, 1, 1, 0, 2, 7, 0, 4, 6, 3, 4], dtype=int32), array([0, 1, 1, 3, 7, 2, 3, 5, 6, 4, 8], dtype=int32), array([5, 2, 9, 1, 3, 7, 1, 8, 6, 0, 4], dtype=int32)]",0.5726319044791371
45,[0 1 1 0 2 2 0 0 1 1 3 1],"[0.44859996893280574, 0.5692599421209567, 0.5972954180515043, 0.36636863618340487, 0.3162745532431436, 0.17429772260726206, 0.12722100704364184, -0.017269932711797758, -0.049998847883640736, -0.012259377900943795]","[array([0, 1, 1, 0, 0, 0, 0, 0, 1, 1, 0, 1], dtype=int32), array([2, 1, 1, 2, 0, 0, 2, 2, 1, 1, 0, 1], dtype=int32), array([0, 1, 1, 0, 2, 2, 0, 0, 1, 1, 3, 1], dtype=int32), array([2, 0, 0, 2, 1, 1, 2, 4, 0, 0, 3, 0], dtype=int32), array([4, 1, 1, 4, 3, 3, 5, 0, 1, 1, 2, 1], dtype=int32), array([2, 0, 0, 2, 3, 3, 5, 4, 6, 6, 1, 6], dtype=int32), array([7, 1, 1, 2, 0, 0, 6, 5, 4, 4, 3, 4], dtype=int32), array([8, 4, 4, 1, 3, 3, 7, 6, 5, 5, 2, 0], dtype=int32), array([7, 6, 6, 0, 8, 4, 3, 5, 1, 1, 2, 9], dtype=int32), array([ 9,  4,  4,  2,  8,  0,  7,  6,  3, 10,  5,  1], dtype=int32)]",0.5972954180515043
46,[1 0 0 1 0 1 1 1 0 0 0],"[0.5274089784366938, 0.46798753052261954, -0.07122284185918297, -0.07764425770993509, -0.3011037867737718, -0.10464316516080613, -0.11221453121567761, -0.051215291652097976, -0.009000824923242641]","[array([1, 0, 0, 1, 0, 1, 1, 1, 0, 0, 0], dtype=int32), array([0, 1, 1, 0, 2, 0, 0, 0, 1, 1, 1], dtype=int32), array([2, 0, 0, 1, 3, 1, 1, 1, 0, 0, 0], dtype=int32), array([3, 1, 1, 0, 2, 4, 4, 4, 1, 1, 1], dtype=int32), array([5, 3, 0, 1, 2, 1, 1, 1, 0, 4, 3], dtype=int32), array([6, 2, 2, 3, 1, 4, 0, 4, 2, 2, 5], dtype=int32), array([4, 1, 5, 3, 2, 0, 6, 0, 5, 7, 1], dtype=int32), array([0, 1, 5, 6, 3, 7, 2, 4, 5, 8, 1], dtype=int32), array([2, 5, 1, 6, 3, 7, 0, 4, 5, 8, 9], dtype=int32)]",0.5274089784366938
47,[0 1 1 2 1 0 0 0 1 2 0 1],"[0.37480158867731794, 0.428886188950847, -0.013077608971405844, 0.061952511686888236, 0.18316442875421957, 0.23085433934510213, 0.022256547608764995, -0.061458926718779096, -0.0005257745634337138, 0.06505413511709916]","[array([1, 0, 0, 1, 0, 1, 1, 1, 0, 0, 1, 0], dtype=int32), array([0, 1, 1, 2, 1, 0, 0, 0, 1, 2, 0, 1], dtype=int32), array([2, 1, 1, 3, 1, 3, 2, 2, 1, 0, 3, 1], dtype=int32), array([3, 2, 2, 1, 0, 1, 3, 3, 2, 4, 1, 2], dtype=int32), array([2, 5, 1, 0, 1, 3, 2, 2, 5, 4, 3, 5], dtype=int32), array([1, 0, 5, 6, 5, 1, 2, 4, 0, 3, 1, 0], dtype=int32), array([0, 1, 1, 6, 3, 0, 5, 2, 1, 4, 7, 1], dtype=int32), array([1, 6, 2, 4, 0, 1, 7, 8, 2, 3, 5, 2], dtype=int32), array([9, 8, 2, 4, 0, 1, 6, 3, 2, 7, 5, 2], dtype=int32), array([ 8,  9,  1,  4, 10,  2,  6,  0,  7,  3,  5,  7], dtype=int32)]",0.428886188950847
48,[1 2 0 0 3 0 3 2 4 1 1 4 2 1],"[0.31351161847020975, 0.45131640310815635, 0.517583329653658, 0.630386140723055, 0.3362860701909905, 0.21156266898999634, 0.18746287982926796, 0.08123277590283917, 0.06477016511528573, -0.07814573612777756, -0.12678139101007804, -0.04930932286907164]","[array([0, 1, 1, 1, 1, 1, 1, 1, 1, 0, 0, 0, 1, 0], dtype=int32), array([2, 1, 1, 1, 0, 0, 0, 1, 0, 2, 2, 0, 1, 2], dtype=int32), array([1, 2, 2, 3, 3, 3, 3, 2, 0, 1, 1, 0, 2, 1], dtype=int32), array([1, 2, 0, 0, 3, 0, 3, 2, 4, 1, 1, 4, 2, 1], dtype=int32), array([0, 4, 1, 5, 3, 1, 3, 4, 2, 0, 0, 2, 4, 0], dtype=int32), array([2, 5, 1, 3, 4, 6, 4, 5, 0, 2, 2, 0, 5, 2], dtype=int32), array([4, 1, 6, 5, 2, 7, 2, 1, 3, 0, 4, 3, 1, 4], dtype=int32), array([0, 4, 1, 5, 2, 7, 2, 4, 3, 6, 8, 3, 4, 0], dtype=int32), array([4, 0, 7, 3, 8, 5, 1, 0, 6, 2, 9, 6, 0, 4], dtype=int32), array([ 4,  1,  8,  6,  2,  7, 10,  5,  3,  0,  9,  3,  1,  4],
      dtype=int32), array([ 1,  4,  5,  6,  2,  9,  8,  0,  3,  7, 11, 10,  4,  1],
      dtype=int32), array([ 4,  0,  8,  6,  2,  5,  9,  7,  3, 10,  1, 11, 12,  4],
      dtype=int32)]",0.630386140723055
49,[1 0 0 1 0 0 1 1 0 0 1],"[0.6053261025322333, 0.5556380236044014, 0.493699293085284, 0.3610618160925608, 0.032723090818024186, 0.02674849101590727, -0.08030159374637581, -0.117564466443052, -0.05560139492074534]","[array([1, 0, 0, 1, 0, 0, 1, 1, 0, 0, 1], dtype=int32), array([0, 1, 1, 0, 1, 1, 2, 0, 2, 1, 0], dtype=int32), array([1, 0, 0, 1, 0, 0, 3, 1, 2, 0, 1], dtype=int32), array([1, 0, 0, 4, 0, 0, 3, 1, 2, 0, 4], dtype=int32), array([0, 1, 1, 4, 1, 5, 3, 0, 2, 1, 4], dtype=int32), array([1, 6, 2, 4, 2, 5, 3, 1, 0, 2, 4], dtype=int32), array([5, 7, 1, 4, 1, 6, 0, 5, 3, 1, 2], dtype=int32), array([1, 8, 5, 7, 0, 6, 3, 1, 2, 5, 4], dtype=int32), array([5, 0, 9, 7, 3, 6, 4, 5, 2, 8, 1], dtype=int32)]",0.6053261025322333
50,[2 1 1 2 2 3 0 3 0 1 1 0 2 1 1 2],"[0.44775494736264915, 0.437378413648941, 0.5022486004664934, 0.42491973399437144, 0.21261742712793943, 0.34962370724390374, 0.3180367374627223, -0.07797110080739383, -0.1129960672166463, -0.07357337463179105, -0.007687342621921819, -0.030920793874156118, -0.06937212652920921, 0.02412261944938853]","[array([0, 1, 1, 0, 0, 0, 0, 0, 0, 1, 1, 0, 0, 1, 1, 0], dtype=int32), array([2, 0, 0, 2, 2, 2, 1, 1, 1, 0, 0, 1, 2, 0, 0, 1], dtype=int32), array([2, 1, 1, 2, 2, 3, 0, 3, 0, 1, 1, 0, 2, 1, 1, 2], dtype=int32), array([2, 1, 1, 2, 2, 4, 3, 4, 0, 1, 1, 3, 2, 1, 1, 0], dtype=int32), array([1, 0, 0, 1, 4, 3, 5, 3, 2, 0, 0, 1, 4, 0, 0, 2], dtype=int32), array([2, 1, 1, 6, 6, 3, 0, 3, 4, 1, 1, 2, 6, 1, 1, 5], dtype=int32), array([3, 1, 1, 3, 3, 0, 4, 6, 5, 1, 1, 2, 3, 1, 1, 7], dtype=int32), array([1, 0, 8, 3, 3, 6, 4, 2, 7, 0, 0, 1, 3, 0, 0, 5], dtype=int32), array([1, 3, 0, 7, 9, 8, 5, 4, 2, 3, 3, 1, 9, 3, 3, 6], dtype=int32), array([ 9,  1,  7,  8,  2, 10,  3,  0,  5,  1,  1,  4,  2,  1,  1,  6],
      dtype=int32), array([ 8,  3, 10, 11,  1,  7,  2,  5,  6,  3,  3,  4,  1,  0,  3,  9],
      dtype=int32), array([ 1,  0, 10,  7,  5,  2,  4,  6,  3,  0,  0,  8, 11, 12,  0,  9],
      dtype=int32), array([ 9, 13, 10,  2,  6,  7,  8,  3,  5,  1,  1,  4, 11, 12,  1,  0],
      dtype=int32), array([ 8,  2, 10, 11,  1,  3,  6,  7,  0,  5, 14,  4, 12, 13,  5,  9],
      dtype=int32)]",0.5022486004664934
51,[2 0 0 1 1 3 3 1 0 0 2 1 0 0 2],"[0.47468389727776134, 0.6048117022350914, 0.6243997581657379, 0.6190044698770184, 0.3465058213287085, 0.27280388576750786, 0.09974600909570897, -0.008315075262138734, -0.0925800875576759, -0.09200440399448204, -0.08644757276416865, -0.07233281149831088, -0.031219916368348685]","[array([1, 0, 0, 1, 1, 1, 0, 1, 0, 0, 1, 1, 0, 0, 1], dtype=int32), array([0, 1, 1, 2, 2, 2, 1, 2, 1, 1, 0, 2, 1, 1, 0], dtype=int32), array([2, 0, 0, 1, 1, 3, 3, 1, 0, 0, 2, 1, 0, 0, 2], dtype=int32), array([0, 1, 1, 3, 3, 2, 2, 3, 1, 1, 0, 3, 4, 1, 0], dtype=int32), array([2, 1, 1, 0, 0, 4, 5, 0, 1, 1, 2, 0, 3, 1, 2], dtype=int32), array([3, 0, 0, 1, 1, 6, 2, 1, 5, 5, 3, 1, 4, 5, 3], dtype=int32), array([2, 0, 0, 6, 1, 4, 7, 1, 5, 5, 2, 1, 3, 0, 2], dtype=int32), array([2, 6, 6, 0, 4, 5, 3, 4, 1, 1, 2, 4, 7, 6, 8], dtype=int32), array([5, 9, 7, 6, 6, 4, 2, 1, 0, 0, 5, 1, 8, 7, 3], dtype=int32), array([ 6,  9,  0,  7, 10,  3,  4,  1,  8,  8,  6,  1,  5,  0,  2],
      dtype=int32), array([ 6, 11,  7,  2,  9,  4,  3,  5,  0,  0,  6, 10,  8,  7,  1],
      dtype=int32), array([ 2,  8, 12,  5,  9,  3,  6,  0,  7,  7,  2, 11,  4,  1, 10],
      dtype=int32), array([13, 12,  8,  1, 10,  7,  5,  3,  6,  6,  2,  9,  4,  0, 11],
      dtype=int32)]",0.6243997581657379
52,[1 2 2 2 1 2 0 3 1 0 0 3 1 0 0 3],"[0.3097087983289074, 0.34933122109165393, 0.4491206088555814, 0.2901817539409044, 0.25878333237673845, -0.021821952755843487, -0.07868571324803336, -0.054602911888519165, -0.09401361439850575, -0.0084395699741086, 0.08341710134953059, 0.03313952287942039, 0.009932334251514073, 0.01252286741169148]","[array([0, 1, 1, 1, 0, 1, 1, 0, 0, 1, 1, 0, 0, 1, 1, 0], dtype=int32), array([0, 1, 1, 1, 0, 1, 2, 0, 0, 2, 2, 0, 0, 2, 2, 0], dtype=int32), array([1, 2, 2, 2, 1, 2, 0, 3, 1, 0, 0, 3, 1, 0, 0, 3], dtype=int32), array([1, 3, 3, 3, 1, 3, 0, 0, 1, 4, 0, 2, 1, 0, 4, 2], dtype=int32), array([2, 3, 3, 3, 2, 3, 4, 5, 2, 1, 4, 0, 2, 4, 1, 0], dtype=int32), array([6, 2, 2, 2, 0, 2, 1, 4, 0, 5, 1, 3, 6, 1, 5, 3], dtype=int32), array([6, 1, 1, 7, 0, 1, 3, 2, 0, 5, 3, 4, 6, 3, 5, 4], dtype=int32), array([3, 1, 1, 8, 0, 1, 6, 7, 0, 5, 2, 4, 3, 2, 5, 4], dtype=int32), array([1, 0, 0, 7, 5, 8, 2, 9, 5, 6, 4, 3, 1, 4, 6, 3], dtype=int32), array([ 6,  7,  7, 10,  4,  0,  8,  5,  4,  2,  3,  1,  9,  3,  2,  1],
      dtype=int32), array([ 0, 10, 10,  8,  6,  1,  9,  4,  6,  2,  7,  5, 11,  3,  2,  5],
      dtype=int32), array([ 5,  2,  2,  6,  3, 10,  8,  7,  3, 12,  9,  1, 11,  4,  0,  1],
      dtype=int32), array([ 4,  9,  9,  6,  1,  3,  2,  8,  1, 11,  7, 12, 10, 13,  0,  5],
      dtype=int32), array([ 9,  3,  3, 10,  2,  8,  4,  7, 13, 11, 12, 14,  5,  6,  0,  1],
      dtype=int32)]",0.4491206088555814
